{"cameraMode":{"drawMode":0,"name":"Shaded","section":"Shading Mode"},"sceneLighting":true,"audioPlay":false,"sceneViewState":{"showFog":true,"showMaterialUpdate":true,"showSkybox":true,"showFlares":true,"showImageEffects":true,"showParticleSystems":true},"in2DMode":false,"pivot":{"x":-1.0029019117355347,"y":4.030923843383789,"z":-10.3660888671875},"rotation":{"x":-0.4212585389614105,"y":0.08333177864551544,"z":-0.03890683874487877,"w":-0.902265727519989},"size":9.431427001953125,"orthographic":false}